{
  "project_info": {
    "project_number": "632636854116",
    "project_id": "food-order-7282f",
    "storage_bucket": "food-order-7282f.firebasestorage.app"
  },
  "client": [
    {
      "client_info": {
        "mobilesdk_app_id": "1:632636854116:android:581d9afccc5cd2f9edf471",
        "android_client_info": {
          "package_name": "com.example.food"
        }
      },
      "oauth_client": [],
      "api_key": [
        {
          "current_key": "AIzaSyA7tquotLtL-Cwo67qfsLwPOGHh1t_urKg"
        }
      ],
      "services": {
        "appinvite_service": {
          "other_platform_oauth_client": []
        }
      }
    }
  ],
  "configuration_version": "1"
}